OrderID,OrderDate,Customer,Category,Product,Price,Quantity
1,2021-01-15,Alice,Electronics,Laptop,1200,1
2,2021-01-20,Bob,Clothing,T-Shirt,20,3
3,2021-02-05,Charlie,Electronics,Smartphone,800,2
4,2021-02-12,David,Home,Vacuum Cleaner,150,1
5,2021-03-03,Emma,Clothing,Jeans,40,2
6,2021-03-10,Frank,Electronics,Headphones,100,4
7,2021-03-15,Grace,Home,Blender,60,1
8,2021-04-01,Hannah,Clothing,Jacket,70,1
9,2021-04-10,Ian,Electronics,Tablet,300,2
10,2021-04-15,Jack,Home,Microwave,200,1
11,2021-05-02,Kate,Clothing,Dress,50,1
12,2021-05-18,Leo,Electronics,Camera,500,1
13,2021-06-05,Mia,Clothing,Shoes,80,2
14,2021-06-15,Nina,Home,Coffee Maker,90,1
15,2021-06-25,Oscar,Electronics,Smartwatch,250,1
